SampleID,BarcodeSequence,Description
DS-A-0-163,TAGCAGCTGTCAGATA,DS-A-0-163_
DS-A-0-164,TGCTCGTACGTTACTA,DS-A-0-164_
DS-A-0-165,ATAGTACCCGTTACTA,DS-A-0-165_
DS-A-1-103,GTAACGAGATCGTACG,DS-A-1-103_
DS-A-1-104,GTAACGAGGATCGTGT,DS-A-1-104_
DS-A-1-105,ATAGTACCTCATCGAG,DS-A-1-105_
DS-A-2-115,ACGTGCGCGATCGTGT,DS-A-2-115_
DS-A-2-116,ATAGTACCGACACCGT,DS-A-2-116_
DS-A-2-117,TAGCAGCTTAGCGAGT,DS-A-2-117_
DS-A-3-127,GTAACGAGGTCAGATA,DS-A-3-127_
DS-A-3-128,ACGTGCGCCTGCGTGT,DS-A-3-128_
DS-A-3-129,ATAGTACCCTGCGTGT,DS-A-3-129_
DS-A-4-139,GCGTATACCTGCGTGT,DS-A-4-139_
DS-A-4-140,GTAACGAGCTGCGTGT,DS-A-4-140_
DS-A-4-141,TGCTCGTACTGCGTGT,DS-A-4-141_
DS-B-0-172,ATAGTACCATCGTACG,DS-B-0-172_
DS-B-0-173,ACGTGCGCTAGCGAGT,DS-B-0-173_
DS-B-0-174,GATCTACGTACGAGAC,DS-B-0-174_
DS-B-1-106,TGCTCGTAACGTCTCG,DS-B-1-106_
DS-B-1-107,ACGTGCGCATCGTACG,DS-B-1-107_
DS-B-1-108,TCTCTATGTCGACGAG,DS-B-1-108_
DS-B-2-118,AACGCTGACTGCGTGT,DS-B-2-118_
DS-B-2-119,GATCTACGGTCAGATA,DS-B-2-119_
DS-B-2-120,CGAAGTATGACACCGT,DS-B-2-120_
DS-B-3-131,ACGTGCGCTCATCGAG,DS-B-3-131_
DS-B-3-132,TAGCAGCTCTACTATA,DS-B-3-132_
DS-B-4-142,TGCTCGTAGGATATCT,DS-B-4-142_
DS-B-4-143,TCTCTATGCTGCGTGT,DS-B-4-143_
DS-B-4-144,TGCTCGTAGACACCGT,DS-B-4-144_
DS-C-0-147,TGCTCGTATCATCGAG,DS-C-0-147_
DS-C-1-97,GTAACGAGAGAGTCAC,DS-C-1-97_
DS-C-1-98,CGAAGTATAGAGTCAC,DS-C-1-98_
DS-C-1-99,CTCGACTTTAGCGAGT,DS-C-1-99_
DS-C-2-109,CTCGACTTCTGCGTGT,DS-C-2-109_
DS-C-2-110,GCGTATACGACACCGT,DS-C-2-110_
DS-C-2-111,GTAACGAGGACACCGT,DS-C-2-111_
DS-C-3-121,GCGTATACTAGCGAGT,DS-C-3-121_
DS-C-3-122,CGTAGCGACTGCGTGT,DS-C-3-122_
DS-C-3-123,TGCTCGTAACTATCTG,DS-C-3-123_
DS-C-4-133,CTCGACTTTCATCGAG,DS-C-4-133_
DS-C-4-135,GATCTACGCTGCGTGT,DS-C-4-135_
DS-O-0-154,TAGCAGCTATCGTACG,DS-O-0-154_
DS-O-0-155,CTCGACTTTCGACGAG,DS-O-0-155_
DS-O-0-156,AACGCTGAGGATATCT,DS-O-0-156_
DS-O-1-100,TAGCAGCTAGAGTCAC,DS-O-1-100_
DS-O-1-101,TCTCTATGAGAGTCAC,DS-O-1-101_
DS-O-1-102,GATCTACGAGAGTCAC,DS-O-1-102_
DS-O-2-112,ATAGTACCTAGCGAGT,DS-O-2-112_
DS-O-2-113,GATCTACGTCGACGAG,DS-O-2-113_
DS-O-3-124,AACGCTGAACTATCTG,DS-O-3-124_
DS-O-3-126,TAGCAGCTCGTTACTA,DS-O-3-126_
DS-O-4-138,ACGTGCGCACGTCTCG,DS-O-4-138_
G-A-0-160,CGTAGCGAATCGTACG,G-A-0-160_
G-A-0-161,GATCTACGCGTTACTA,G-A-0-161_
G-A-0-162,GATCTACGGATCGTGT,G-A-0-162_
G-A-1-55,GTAACGAGTCGACGAG,G-A-1-55_
G-A-1-56,ACGTGCGCTCGACGAG,G-A-1-56_
G-A-1-57,ATAGTACCTCGACGAG,G-A-1-57_
G-A-2-67,CGTAGCGAACTATCTG,G-A-2-67_
G-A-2-68,TGCTCGTATAGCGAGT,G-A-2-68_
G-A-2-69,CGAAGTATCGTTACTA,G-A-2-69_
G-A-3-79,CGAAGTATGTCAGATA,G-A-3-79_
G-A-3-80,ATAGTACCCTACTATA,G-A-3-80_
G-A-3-81,GTAACGAGACTATCTG,G-A-3-81_
G-A-4-91,CTCGACTTAGAGTCAC,G-A-4-91_
G-A-4-92,CTCGACTTGTCAGATA,G-A-4-92_
G-B-0-169,CTCGACTTGACACCGT,G-B-0-169_
G-B-0-170,TGCTCGTACTACTATA,G-B-0-170_
G-B-0-171,GTAACGAGTACGAGAC,G-B-0-171_
G-B-1-58,GCGTATACAGAGTCAC,G-B-1-58_
G-B-1-59,TCTCTATGACTATCTG,G-B-1-59_
G-B-1-60,GCGTATACATCGTACG,G-B-1-60_
G-B-2-71,CTCGACTTGGATATCT,G-B-2-71_
G-B-3-82,GTAACGAGTCATCGAG,G-B-3-82_
G-B-3-83,AACGCTGATCATCGAG,G-B-3-83_
G-B-3-84,CGTAGCGATCATCGAG,G-B-3-84_
G-B-4-94,CTCGACTTATCGTACG,G-B-4-94_
G-B-4-96,ACGTGCGCAGAGTCAC,G-B-4-96_
G-C-0-146,CTCGACTTCGTGAGTG,G-C-0-146_
G-C-1-49,GATCTACGATCGTACG,G-C-1-49_
G-C-1-50,ACGTGCGCCTACTATA,G-C-1-50_
G-C-1-51,GATCTACGACTATCTG,G-C-1-51_
G-C-2-61,AACGCTGATAGCGAGT,G-C-2-61_
G-C-2-62,GTAACGAGACGTCTCG,G-C-2-62_
G-C-2-63,CTCGACTTCTACTATA,G-C-2-63_
G-C-3-73,TCTCTATGACGTCTCG,G-C-3-73_
G-C-3-74,AACGCTGAGACACCGT,G-C-3-74_
G-C-3-75,CGTAGCGATAGCGAGT,G-C-3-75_
G-C-4-85,CGAAGTATCTGCGTGT,G-C-4-85_
G-C-4-86,CGAAGTATATCGTACG,G-C-4-86_
G-C-4-87,TCTCTATGTAGCGAGT,G-C-4-87_
G-O-0-151,CTCGACTTCGTTACTA,G-O-0-151_
G-O-0-152,GATCTACGTCATCGAG,G-O-0-152_
G-O-0-153,TAGCAGCTTCATCGAG,G-O-0-153_
G-O-1-52,TCTCTATGCGTTACTA,G-O-1-52_
G-O-1-53,TGCTCGTAAGAGTCAC,G-O-1-53_
G-O-1-54,TCTCTATGATCGTACG,G-O-1-54_
G-O-2-64,CTCGACTTACTATCTG,G-O-2-64_
G-O-2-65,ATAGTACCAGAGTCAC,G-O-2-65_
G-O-2-66,CGAAGTATTAGCGAGT,G-O-2-66_
G-O-3-76,TGCTCGTAATCGTACG,G-O-3-76_
G-O-3-77,GCGTATACACGTCTCG,G-O-3-77_
G-O-3-78,TGCTCGTATCGACGAG,G-O-3-78_
G-O-4-88,ACGTGCGCACTATCTG,G-O-4-88_
US-A-0-157,TCTCTATGTCATCGAG,US-A-0-157_
US-A-0-158,GCGTATACACTATCTG,US-A-0-158_
US-A-0-159,TCTCTATGCGTGAGTG,US-A-0-159_
US-A-1-7,GCGTATACTCGACGAG,US-A-1-7_
US-A-1-8,TAGCAGCTCGTGAGTG,US-A-1-8_
US-A-1-9,TAGCAGCTTCGACGAG,US-A-1-9_
US-A-2-19,TCTCTATGCTACTATA,US-A-2-19_
US-A-2-20,CGAAGTATCTACTATA,US-A-2-20_
US-A-2-21,TCTCTATGGTCAGATA,US-A-2-21_
US-A-3-31,ATAGTACCACTATCTG,US-A-3-31_
US-A-3-33,GATCTACGTAGCGAGT,US-A-3-33_
US-A-4-45,GTAACGAGTAGCGAGT,US-A-4-45_
US-B-0-166,CTCGACTTACGTCTCG,US-B-0-166_
US-B-0-167,ATAGTACCGATCGTGT,US-B-0-167_
US-B-0-168,GCGTATACCGTTACTA,US-B-0-168_
US-B-1-10,GCGTATACTCATCGAG,US-B-1-10_
US-B-1-11,GATCTACGCGTGAGTG,US-B-1-11_
US-B-1-12,GCGTATACGATCGTGT,US-B-1-12_
US-B-2-22,CGTAGCGAGACACCGT,US-B-2-22_
US-B-2-23,GATCTACGACGTCTCG,US-B-2-23_
US-B-2-24,TCTCTATGGATCGTGT,US-B-2-24_
US-B-4-46,ACGTGCGCTACGAGAC,US-B-4-46_
US-C-0-145,TGCTCGTACGTGAGTG,US-C-0-145_
US-C-1-1,GTAACGAGCGTGAGTG,US-C-1-1_
US-C-1-2,ACGTGCGCCGTGAGTG,US-C-1-2_
US-C-1-3,TCTCTATGGACACCGT,US-C-1-3_
US-C-2-13,CTCGACTTTACGAGAC,US-C-2-13_
US-C-2-14,CGTAGCGAGGATATCT,US-C-2-14_
US-C-2-15,AACGCTGAATCGTACG,US-C-2-15_
US-C-3-25,CGAAGTATTACGAGAC,US-C-3-25_
US-C-3-26,GCGTATACCTACTATA,US-C-3-26_
US-C-3-27,ATAGTACCCGTGAGTG,US-C-3-27_
US-C-4-37,CGAAGTATACTATCTG,US-C-4-37_
US-C-4-38,GCGTATACCGTGAGTG,US-C-4-38_
US-C-4-39,TAGCAGCTCTGCGTGT,US-C-4-39_
US-O-0-148,CGAAGTATTCATCGAG,US-O-0-148_
US-O-0-149,ACGTGCGCCGTTACTA,US-O-0-149_
US-O-0-150,TAGCAGCTACTATCTG,US-O-0-150_
US-O-1-4,ATAGTACCTACGAGAC,US-O-1-4_
US-O-1-5,AACGCTGACGTGAGTG,US-O-1-5_
US-O-1-6,CGAAGTATTCGACGAG,US-O-1-6_
US-O-2-16,GTAACGAGCTACTATA,US-O-2-16_
US-O-2-17,GCGTATACTACGAGAC,US-O-2-17_
US-O-2-18,CGTAGCGACGTGAGTG,US-O-2-18_
US-O-3-28,GTAACGAGCGTTACTA,US-O-3-28_
US-O-3-29,CGAAGTATCGTGAGTG,US-O-3-29_
US-O-3-30,ATAGTACCACGTCTCG,US-O-3-30_